{"cameraMode":{"drawMode":0,"name":"Shaded","section":"Shading Mode"},"sceneLighting":true,"audioPlay":false,"sceneViewState":{"showFog":true,"showMaterialUpdate":false,"showSkybox":true,"showFlares":true,"showImageEffects":true,"showParticleSystems":true},"in2DMode":false,"pivot":{"x":441.3500061035156,"y":809.1416625976563,"z":0.0},"rotation":{"x":-0.03388804942369461,"y":-0.00719038862735033,"z":0.00021766932331956923,"w":-0.999399721622467},"size":1159.319580078125,"orthographic":false}